{"stats":{"minecraft:killed_by":{"minecraft:zombie":1},"minecraft:custom":{"minecraft:jump":65,"minecraft:time_since_rest":10170,"minecraft:deaths":1,"minecraft:leave_game":1,"minecraft:play_time":20172,"minecraft:sprint_one_cm":11070,"minecraft:damage_taken":285,"minecraft:time_since_death":780,"minecraft:walk_one_cm":4842,"minecraft:total_world_time":20172,"minecraft:fall_one_cm":4243,"minecraft:fly_one_cm":11520},"minecraft:picked_up":{"minecraft:spruce_log":2},"minecraft:mined":{"minecraft:spruce_log":2,"minecraft:spruce_leaves":2}},"DataVersion":3120}