{
  "minecraft:recipes/misc/charcoal": {
    "criteria": {
      "has_log": "2024-07-26 01:49:46 +0000"
    },
    "done": true
  },
  "usefulhats:recipes/combat/shulker_helmet": {
    "criteria": {
      "has_shulker_shell": "2024-07-26 01:30:41 +0000"
    },
    "done": true
  },
  "minecraft:recipes/building_blocks/spruce_planks": {
    "criteria": {
      "has_logs": "2024-07-26 01:49:46 +0000"
    },
    "done": true
  },
  "usefulhats:recipes/combat/chopping_hat": {
    "criteria": {
      "has_rabbit_hide": "2024-07-26 01:30:41 +0000"
    },
    "done": true
  },
  "create:root": {
    "criteria": {
      "0": "2024-07-26 01:30:41 +0000"
    },
    "done": true
  },
  "usefulhats:recipes/combat/aquanaut_helmet": {
    "criteria": {
      "has_turtle_helmet": "2024-07-26 01:30:41 +0000"
    },
    "done": true
  },
  "usefulhats:recipes/combat/stocking_cap": {
    "criteria": {
      "has_string": "2024-07-26 01:30:41 +0000"
    },
    "done": true
  },
  "usefulhats:recipes/combat/ender_helmet": {
    "criteria": {
      "has_ender_pearl": "2024-07-26 01:30:41 +0000"
    },
    "done": true
  },
  "usefulhats:recipes/combat/lucky_hat": {
    "criteria": {
      "has_rabbit_foot": "2024-07-26 01:30:41 +0000"
    },
    "done": true
  },
  "usefulhats:recipes/combat/wing_helmet": {
    "criteria": {
      "has_feather": "2024-07-26 01:30:41 +0000",
      "has_phantom_membrane": "2024-07-26 01:30:41 +0000"
    },
    "done": true
  },
  "usefulhats:recipes/combat/mining_hat": {
    "criteria": {
      "has_gold_ingot": "2024-07-26 01:30:41 +0000",
      "has_glowstone_dust": "2024-07-26 01:30:41 +0000"
    },
    "done": true
  },
  "mutantmonsters:root": {
    "criteria": {
      "killed_by_something": "2024-07-26 01:41:26 +0000"
    },
    "done": true
  },
  "usefulhats:recipes/combat/bunny_ears": {
    "criteria": {
      "has_rabbit_hide": "2024-07-26 01:30:41 +0000",
      "has_carrot": "2024-07-26 01:30:41 +0000"
    },
    "done": true
  },
  "usefulhats:recipes/combat/halo": {
    "criteria": {
      "has_nether_star": "2024-07-26 01:30:41 +0000"
    },
    "done": true
  },
  "minecraft:adventure/root": {
    "criteria": {
      "killed_by_something": "2024-07-26 01:41:26 +0000"
    },
    "done": true
  },
  "minecraft:recipes/building_blocks/spruce_wood": {
    "criteria": {
      "has_log": "2024-07-26 01:49:46 +0000"
    },
    "done": true
  },
  "immersive_armors:recipes/misc/wooden": {
    "criteria": {
      "has_item": "2024-07-26 01:49:46 +0000"
    },
    "done": true
  },
  "usefulhats:recipes/combat/straw_hat": {
    "criteria": {
      "has_wheat": "2024-07-26 01:30:41 +0000"
    },
    "done": true
  },
  "usefulhats:recipes/combat/postman_hat": {
    "criteria": {
      "has_lapis_lazuli": "2024-07-26 01:30:41 +0000",
      "has_gold_nugget": "2024-07-26 01:30:41 +0000"
    },
    "done": true
  },
  "minecraft:adventure/adventuring_time": {
    "criteria": {
      "minecraft:taiga": "2024-07-26 01:49:42 +0000",
      "minecraft:forest": "2024-07-26 01:30:42 +0000"
    },
    "done": false
  },
  "DataVersion": 3120
}